user_id,dtoken
4,Smf7LTEZmQCI9bKo5O0rrEXHjInTD9knXW2Y5SwYsEqb7YsBu7xH8HvOY8nD6kVM6PlNJmSMRCznNm9VQmZ6ccPQ0Ozx4srHjdEScesHOkp5IIBbz1mjVp9tA5mumViYKsD9hRibuRRsnjHSNXyDGImt
6,LRHsxVtC0UQE1tiiLpD7hGQX4hYWeSCFK56zbjxwYqWZrNl3QUuSiWWFBkXPw6XIRKuwXiH1sHJqjr5QvvGUXjXnI0xrWhAs3OHhTpG7M30bN6VJOGTBZCk8nGnxkQFKGQX5joxGp9HuSlacEocPXy20
9,9uNCImwXP4wIq0ZJNMqvpPB5KswdqnIowBKukEgmL6DQe3OXNFKmb5eTshrQpT72WHLpP5ZJ6EkSMlrge90kdVN1WqCCNZwszau6SYIhgBQ7lWHGqKcQsmpAuk2Y2WwGHrTbrUYP1iEbEgfAjvMCngzM
9,tc7wjPTFKZtC5P5lWpKhNvOF2f7JtT1sGqyhrTh3l6uQmxNghR0qp57xY23DiJLqyAwfRntDHhwgBxT41r2bsbDaSBTZpelbUDSlA8YtXXiI8qw0Jzbrg9yXxVWQ44N3wUVxf83t29O4svC1FtQqCtvk
9,vneLIZtKPMN4yla5iYHV44CTuLaNX0CZbsjkohUKUTcjowGHfUT5oZa0lVQwofnoJotGBqhBDwAKsS5xF38CH6bMRTz30XVf6n9ADzGodS1rY072qSrVGkhdMhphrNagbVdEj4uFWjZoFknql6cH6A8m
11,wnVJYxZilQCm3jVYlyXVs82tywVa2Janrynh9wxmzGT4lESmRjkCL1NXV1L2coPbfPu4weopAbVmOxIue8TiY8b0lZVHk5JKqio6JnpcuvB9F0IXTRnD57MHd4j7ShE41Kv6Ickqign36BUUQxn3hGfT
13,hsfESUNq6Iv4cPh6xUojjbbJZQVtanV5cB1jFmZWacztZpeiGxklqamFR5eCzUPjnZsbnx1Kv2IGbik9ccmdCafBOV2aHXXQXQGzwDvI59qX1g48kFZW7bgNkqW15rC7FsiVckc9hdH2kRa8rtpCxAjl
15,sOGg3de6SR9xJwz2qft4N33Qn9bBA9FJxlj66sNA3w1zAbixpaHVpRVZlpttBd6iM0zXN3vx1sARB3PMreLZ2kTg0TkgzTypZjm9bUjWfJtwQDYR9gBX1GQ2HTwtiOyIuLrSgga7upkSqW0Wv3GSRbYS
16,U2SXpd0LlCFLGatG42cWxbksayPIgqSm8pWNSJELUHFTVKosNLmJmw5ihZnrXS5ukScQNfoVX0Bq617ZJXv4DJAcUe6sVNoCcL9C78e7X1lVvfMQrYhAWAqbRAw9JvAJczNUs5rbiXGcXegf2QAw6nfb
20,yk7bEX10cjw1rXW7FRzuNNdURHtvDcoTcztkUAdAeLkukNasdZ16ggGkHMUx46Xzvcpr4cNFdyQB3i9D6BReLRdvtJdHfg6HokzHXjYBMWth0ERYdQ12PiodzuyUzFZx2INij1fndQ1oYv4osO4ZODsF
20,VI3kDCGxvPSr8fLaepyQzODZK1kbziYPHlXTMC9NVr3fLwT9TpaOtpwGEDacR5yNrDknRsYbQlvIlYONILRJHKVSpROI2xwptPoIL6R11zxItnUgpW3GNoFhh2xzdPIToFP6aGCbtqiIMMYBw8SG3qcF
20,H0j8SnLreUn8oGjUsMWFx54DwDFwBpy3KV2fSCbD6Q7sa2I29madPzNcvfcOiOqpVUY3dEBpbT8gxc33vcXOOUNKIqkd0WUS0h7QDeo5llCv06eTLITFqbaAGOUmUXZOzQQPENZQns33SRjcM01RCO1p
22,6JpUCLXWowKQYOyjDSyIHio4i9twHLlp0I8DavlhFH3V9WnM28zw2hAnUUc2R1OcLVpQguJI6QCAO3vVlh39MoWjHkjPTSZesrKO6767YrZMeA8rYQgaxeZWyFIvLtoOqYHXShpOLvKVZKFHLrqCcpgO
24,oP1ZaW5CLVPsL8g12ZB3EwnAAjTCmbBhsw42Xoa9fTOppOASJbJ0elWr11ZrC2P9T7zPEODdo1nliyKljAtL2bDH9dAwZj7MDe5RPlOv76bNxbI3QdIB9EHi4sg1OHOFtahE3t6xmxdvAqKx47fmb6dy
26,nmWEnh0S5TWtEzXHKOb1Lhehiwg114Xxj7fGJtyQMd46oE07Se0RB7VFHfWqAzqAvYK6URxRPUO7MHte6IInDFvLMay46HQNn4aZttNBhJBhTnsAliUrqDwq3zUkS3kIEAji64kcvHFuDOrYhyiomYWk
27,kwu93iOZtcTDJ3RyiwjxCnOHwCUkwVgezLm7pD2Yr4Jc8U750pE1cn4whmc0Y328veEygjIf4VF8dc9b4pTGQOBLgpqC0BzYCagtQ9ohgZxRhwSFNBw9JVShdsRqtGO2Vh6DvfUvAc0rQj3k7lpYF0Og
30,yQXRynaK5vA0PJ7gA96v00tY7TIQpXv2qkwZwdBopglo2URbRiEqhkr8WykefTVIz8a5MHjW7hGkfFvMC6yHSEkFsYDxtWJ5VdoujmZKyiTAdHsRD7cJUNpuo4cnEl3K8aZCRB2PHoJ9lk2l6muVkzLH
31,tGPJbFMPJ1DhqzBFWC6EQJDCqRSrH08ZRPXvNG5jwUcSYEfmtQXxfC7jCNTTnVHjsdZbcGrQ6mHv7kdmb6xrDakPhdszmLvbNs0keEKmYG1subMR96hRXQfRtKtyOr4Ur6ieUsI7VL2wJsUG1a0P3eNw
31,Ir3LL86cGBYt7whYKvMnjIBqn6d1OqMSl1MAeVKcvUDrvMteirSjBJ4zqdYfvFXPoFIGjgkplasYFJuaczjX73RcxMKBx5hqwnCpEnuCG3y1RFuginCwVAhVo6I75irPsB1RHF6pEhQE5qUrS4TK2k4w
33,hB8fX6Xci8Pec8cQNrekdqyLQOBZhmI65M0DyKhKs2mRENfvgtPtpL1qCWYI4yuv0jI0I8SDJ3rLDgGD9Gin7OgTk9Bbl9ft7rrVEPmHaMkVTQnWQU9YQGXLCpf97gRanyeMokyTTaNV4Uz4leV1zRd0
37,fTP9NauuK8Vcb75VPFftChhpLntVqa6UNiJ0jkGAT0UmdrKHpFkLy70ycZXZh8EaBBZsYEc4zeacXuLUcl5kpUVgRKoTXgTkVjlc2Sik2PMTwoahODnvDTkgfjaNQTHSVqQdI9rTDkSaICj39GFUtYgC
38,Fwji44JHtyG8x8eL3sSBK8dzHdKOnZwJOdDdIb8PI2ODcuc70IZ6XAp6TjbrUvT4BxUT5BCsTDshU9XMBcnez0lNo7TYzgvNIjCf9TCZG7MUHIMjWYphHf4bLG4xhesdHe8a7hdh9Y81O0FgUaCbrNG3
38,032oEh1f9N39cMelHIjGCXlBodHbQlt8FVGNKt5hGmeNcGiXXqjFXXLDi1z09qYnTu4QF0bOcCzQi8YhvjO0CoLhJD5itEHQXrtic2SwO43VYvVKDR5qbyk5jmGCvsU8uisqegF31SL7VqTOhVfb8ReZ
38,YzqVPAVKu0fC45WMCYTmMKs3sUaNizdD3kQhOHLRpX00eLNpSZ5sVcuNGW3v0I1vmb9kPfyvNCwpk2pgGkvT3lirqCasePqhv4dCc3ad1aeSfF3e7mogMI1BthuMEFRxMPtPpmEdKSstGZLk8wUr1K5n
39,bJu9X8VTgG0LOokhL5uQ7v35JeHlZ6CjGLNdJEnj7aZSl9UI9JQea75gfY0i19tKEgFCbH8HiLix5KkaTzMPQXJ9g7xleESxgPOF3R61bJwZo7K5epY1Xeth76WDJm2dskRQwfGC2keH1jkIW2HofqaC
39,68wv3RpgS6DQu8yjWzczmPnlNhhfexCKOvZHJHz2p1INhr2tIETryC8RkKhmaJBU4tCyIr9PzJKUGaEWOn6aeLMLWIWyZNsf0oinp3lR5DrorOKKGV7md1fShqcA4apmR5uSrQ6kCPEbUXUIxLsEfFCz
41,ZGzrkmuOE6VTsTponkXWEyT64CThkHL3vJ1K7tR2JWPqyoFsDQsVecD0n3Wi3N3xVsXirfQt2vMhj27fx0e4OqpTGAXE69zwtR5G1WBYzysj0VhUvgkD9zi4DEcqRMWsvPo1w1ObZP5QxGtkTCJqpwXu
43,BCWjKGmbznK6PX32JeT327xLs6PD6DzsutvYrrOIiexSjNEffXgSD0F4FLrdrjFwoRcW2FaRZKlo9e2e2aYIXho4n1SfzaRz9B41bhN9mYsseRu1jMKRVw8G2H9AmuRptmO7KADkWoVzowq56rwmZAed
47,Xz3IMnsGDzsCXQiJ0u6a9R6RD3uy4ZtIbEmB9cKA3slwx2JaOdzFHCuF2MFittbeGj1S4g9nj6Gg69TaUTjrZnB8Kg8X61H9QHqNBqG7ELVawN9ts4Y9KkOSitInHLRSY60ZiF93NMnN10cwHf4CD8Z5
51,75IhSZsuDLZnJKmuuVyxBqSQMg2gOOqHu7La1lvmuSYOMJy5iIIM17rhMr5cxLgoVSsczM2I0LDi2DECiwyGFdfWf3XaQSojc9suRV65fAmP4JOJn2uAM9ihc5w5ossHXTFsKJlW031Fr0s6POnnYo6D
52,LRlYAhnHesLDVydh79jIcqMd0PaEEi8mCCzrzxZmdyM7h2tQKGqOnuNUFIylHiDvTYBTylh9Jx4edewxWTuyrUyHofmrzefvvQOS1aRYZREqZ9g1MAZnoEDyZt5Tzpa5R9jX0d6lC58aQIiOyVeyPrHq
55,Pt7ExZ9g98qpTA94dlS53iRLQVeKcP02tKKkzgEGzuh9sZfUF3cGoUj6bWoclYDTIXwIqo5wgL68BhTrgTFIdTd80dIcs1VbrY04263Ryf0coL5tDxw1TufpjXhMgsEOqugdRoYKqnJytAkPHO9u5tSw
59,bkEoQaGbLmt4scO8mb5lgvid2E2TJjwckufDTV9NDXiOqkPbUVjSmLBfB1WMIn12pRjxwKP0BRhTN4mhpqynzep9sACszXEQvQZ9BRfJGSQ53i17feWRod2L1KFwIW1eM0YxEMg7LohgXUFK94NVAn1R
60,OIqMiAjrcSCT332xpGzwlnHFuXeJFeZyGJpDpU2oxokCCqFBkXKg2VB0BlSVWalysENUdYI5eLyxCECDSdYi3j6kHYCECG1XCmJydkXWPfCRXEYwiODjLD5I72MOWD37jauQuEZ7PC3ngPXDAFVnCiMz
60,A0L8JALM47mKHBep64J9h1SEINQhf4BYuytdOyGCSaMhbssDhy5OD0a9IHZvj36A6XPJIBa8XGRGPa2QVMAhynV4YU4G8KSoELLOdjvfXxqwI3T8fJa63oBjBkln64AMn3CEYNcbRUUBwZWuBw1YalUP
61,2NsyIItwdIf0PJ17yPI4AmcYqlaCccCIntwAjdIM1ETQg3mmAqc5MkKga4HW8qUBG6dVN0nUHwCv2VhWzoBlz6wCjPZP6mdajSKJq189DRYPhONPmkXjp9BaabbyB8oUS2LKL768P1ihHgU4CK2lZulK
61,99Opa843ExPCDEOOo3XrT3tQGwrFCuYhBtbyRifsNOCjF2yFN6a0XSwGfyiehY0J88BJ2QxGo4eF0KLexls6UxTix5TTzBLontK60pdx94cterg5mEhw6upbOTLxwdGmTpS6zeOHHuwqV0DGpn6vUORt
63,9SHdgAvXpao8J5Iq9ocyyQoPFIIHL2E8Y20WG31tA25qO7fSYFkZevFT3r88roLX5QJhEljGXjx6kyA82qjGiet3WHsOvtBLRIUyXyNcVdCvx985rzFBFFeqXgUxt4L3hlPcdCL4cGkEcx6n9XXwozGL
66,4ahdQir29NLUvronbYyV9OZJ7Y6GPfhfDIJ14rWYtcDjU2d59INbHqtPK7FrMkMt66QmiWSjBa1xKgoFlA7G2G7NPtRxl5LIZJNoLqnMp397YwE4iAGLNF1ZyD7oFVy6YT7B2AtuNVRz7zoSomOkYAuU
68,opHSzG34CIEZDCiHLxso1szPPzTHOIYYNSeKlbOOn44qjskk6dMCC5QvqsDznWQukgMlX7VajeAwXI5XO8aavVWhBiUs8P00O9GDfzWzRcSY4U8hXfkOmfzYT5jfM3B4NainC1hPMbTSDxMhKc5s4Le9
71,hjKPhnnaoKubkfvy5CLVgVWSC59xIABvIMVi7z5o5iOmRFZxauzJ3NuVXrNLNq2oJz27UN157XpyH9AxFbWOAs2vSzUfmTafQ0dScsdX23cFYwOnrPGb3NnQ67PUsmiOmKhgwhUMyzl7QW7Vl7o6MyLC
75,WmEdS4gkYTNO7rJvud31QAJAt9UyMBoyfD9vQ9f4FmsDTGNgebSVhaWWcEjiKi8W4P93RNfVxzW4HGhmWeTaj3QEhMTLpwUWN58E7jY0wxXiOsP5WxW5ZxdBy4mEu35AezQb7dPcPselF7qpxnpsapxP
77,6FCxU631WEOcdyjhjQ7Trw0exGHed0pCAiA7MfvVLUi3bMUpFKq80wBaeYANYpnwOLbuxL5EULI6NxCkmS839QcEh0sofhwW7mOZbZrtemOOo4WhVP1GQTWy97M6ThYdOlz0icJW0epnCXPMDL2ZQqFN
78,QqDMVaxXaAC5wziGEgc48wLRA3HOzXXgmA2mFJFDr01XNhHLkSLK3isUelMr2iXNcWiw7vBva8cI4oESWw3hLNMEIIHUwNbJCOkrzLeoRQ9vFjpqhu56OgBYJeoZogyXx3GPDMTLRfZveRyYSQcCiEuV
81,VhVWPAaRMybdam4bUO9RGksfZH7Ewes9kDi5yoCfpe2SXki4I0XpUEGapfxI26U7FBt6Ezd6Mu21S9SfYDv5QCPgwHfSquMSTuMVrL0Jnrd0cfSPWSjZaoQDmMawTUfRhJHXXxnNcliZZoERpZv8Lmh5
85,J8ea3p2MWi27usZ45mpGrdyITHtYGGu1cjNZIdIvPMCFbju76DgzsZn595RWwDGQnAuKfAWsetqebs79MWsCZu9NwhpcVmzLGmSapjr6hnVz8IuhyiKaLDqs1hOxKj6rte8oawk24WUc99fomHeccZAC
89,ZJH5tVyQ4FtaGHByhFpiOTrC0LCEuP4e5sKncxaAVVE3lNgAceuTKUiFRFEiTtWPbOEOwOVk5pWsPXQM5B2PUK4LJF67srg2yps6J1EXTKoVxpqtosNR1Hu0ktEqiordIuuZ5jDDxEwJWIOUPcjzeZAr
90,1mPXNf5TKNCv0YEpJUWLlEcfkbFErzjtC4DxngjZ1qLvLYoOeK4FefJXK9cc901L3IswUHB3axkvsg3Vmr0h4ePXVgnNDHpAZA1D6st7IA4hvO53FRpizjhpt5aeTn03Hj6sP0ouxs83J71HLTHlRGBf
91,bJBRPNVaB9LhcOf2vlHLNgVD32AgeLAiq8dQncheNsHxQZ8F2TVVu4FuoxnmNewp83rEaYfTD2xU8XnEuuNVqfoW3j2ppu18wSZm745EdCR16lV0KisT1bzte4bqvp4JAYYQyA60YIhnYWphXBeGCHHU
94,5HDteIn8I0HWF2JL1uSuL5Set3uLXGtRDy2t37jAtPPviVS94uaMo0GApYALOcKB7pTGzQhuLSAwPWw8LVg36g3cr2DF78lQFOXsBL9OMfB5ZKl212ztwh4rWgP7McXc6krAzE6Al2QqexNhhbdF9sUY
94,66UwCBaSZzfTk3XvzH30eMY37qbySDeZ3R27MEj1g8Py7XwIQJakqxFUIqYLZbAVVPq3ApjuXCjGwZwKt2iI3t95MIZVg7BE8tdR73I00fXnNzXiuOSwtrs1gURr0XOqBe7DmecZURho6lRMlh01OELg
96,LbMMQAD06m81UvQbtbbKEvvDEGjwmbw3rBaC0MEReXzyil0lKqV296wPfJIJQGdvqF9SVNLg7U5gwwUSfymwP3tVFVXREvA8kEHdLI0xffvPAQTiop3SThfXMNNAquccTwwrohG78pQa7dUoBe2O1hOD
99,k0xuZGlCTwDT1tHiwk40Fp8tYyM1XKbit3EQIcIi57NhR59kV54wjcTusE61uTfIUV0ypqaUcmv7brbtY1GsfeyQJJYDGgoLsEWvEbu5vKTxhmTB2cC2Nm3fWKpg26Nwyjf64gpn7bx5UA9XqXa3dVxF
102,g9umOCZwXzxHm6mnPvcpxUVa2pFvkScm9uoGvAT888xBbQEqofX0VQeWNTUYx3MEXL7rigsObERZXUzMlOHEuL1SQ2tbgubEWse0iNIHnIoQzOytUHciWHJLkOaQnQ7h3MD4g838FzRmXKTC3zR8RsiO
102,2f3dsU6aHnnL3NleEdXpXnav7mnyzZa4omNtzvNekLQW6rzm6uMPVZUfF8FF67bhNSXhAreJZiFM7NZgnB2EMVJZ18n1pHHM98JN4SleQDpcTIHsJYS5F74rJxP2EMTSasdyELM4PnoJ66FT0uS1ocHC
104,RE6CT9Dk6C04IoxMoPSjVVcswBJus4xlbumHg2vNlZz3eoSGUPAWoTiw1dGS0IsBEftNBq5VTEywWJNHjC9c4bwSLqfCWdnc6xZzuEE4jeCkUm9SZy9X9P73ibBLK3zgQVZYkOMexFtq8MxZQXcXE0DR
104,vQTCtTPeW3zXL8LmuZ3Vhu6ecvmqcbqSIyoytbEldLMiyCFp1bKA9viBke0y7ZCkdgPMjNsSUhi5iogaqwZB1pjMPmNPLGOOJ1ERnsFOjrgrNNTvxqIaABTnwCwxzcHO33WQjYmxqKS9JsyC3SRVydOI
107,RVkwIPGk2XkqCM9DKjpjkdEEt4hVmPpPOI2DCAivMoh4OL0FiRntYZXdQfCe8kyM84ctk5AKBt6vwaqiDbc41vqolonWyDX1q4wj86VNQds5s2gfpUaxH4kcdnIvieMx6FE1eGJ7PZNoDVwTHH6d30TW
109,TGlY05c1uymXPBjLDhhQw8RronaH84GlihUzYJoubXJXJwsFm2ZicGokot9du4sZsBe8gjnutmf8Zuhsu5UGFYJct9L49KAG4j4IRUYDe5op0PVtMgjZJlU4sCeH8TUim8DfZ9a9GR199TLeOSSt1bwj
113,APPfR5VLFCsLf3dFJSsTku8qAsPB1RLbUQZTVtomGY3QS28ofnSSEZeGhYfYPUkorRqZETkP3GNW0R77U1Wdys6vbTcwO06mefYBcJjVDDoyLSfZrHEnyGpzkunlhnAD91hlt5vKhA9vD7kSdNFHVin7
115,ZRhVxePClZkat6VLtGx6tvMK5H4ithqdKv3OOpjWUtSIzikhjv1cqAw3E6qqJ7JD8G0yCGxEWaMAdEKmXnyxPNnJzAKhztMmjO9tRmedxXQPnvpAVD2W8MnVSQyBwQF2YZRY4R5bIVzsx8VEKKVv1qO7
119,OaAndhhRorYe06E8rOMMvXkvuqlvJA7LjxPh4n4eRaJhxZjeQXacCU5qqFtmvmInTMu3QXDDj7uUOCx4GHel0uJY2YqYuij52WXk4QXtT6t40LcoIYfnHWWYD6Br6fJBoYsseMzqkk2uBeyRmCQ5CwYG
119,zhyP5WeXsgBSjJvYpCXu1XY7kF4ZdyrAmsf5BaOXn7JyxyCtUHMuAM7bS150sPjtoA6r30XPnzGuO09lCbF6mxz9UDN9Eo58nPJx1LZukwGBFdXsrjXRKNGrAw60MnKz48GyQcUqMKmpry4hgVhV0NYa
120,Sw4fyhwmG676ZbPZ6Fz1QAB2okrFp9QJ6pygpLN3pDk1xLQj2vtIYJsRuCqOpqx7PXA9d9aVr5bNPa5d3HctfIlXxglmUydyGNL9KgGtV8Qt7eCU7NliODrHcdcxnnAtsdHCYv2mBj8HrrpSd1OHNvkC
122,Ex7EIG77XBu7Awbkyg45jPknUTW8tgwsEfTyvhtdAa4qvkd4dWOOP7coMjkojydhEB3UcdpQnr4Ikts9grv71ic7D5lLxEtCxnmtRTsz6x1YC3DSrKIrCFPWZwRHseTix1LxHzSWywB4QO4912TnvBAr
123,04UClHsei0bSGLssmsFElFK2hfZU6mv1UZg4xTNpIp7otRUQ1uJJummUTsUGh7Iv4Jxh4Xu2fQvv7V90UItbdm77cWKFyHHbhbUjTdmDAg3drrmyTul8d7Shc0EIMp38ITNvBpGhWqawTtgk9MmEW9yK
127,dGt8dqLNv47drx3nDMmwWYijU9ADZM9VDcXiNIizZjXZJGiPSRSXLOxPYJOEqInjuMaO9k9v3n6cATaNrkkItMJpfIUEueIRve4w63g8hXuYhUOE8BMGXfpiCl90Z5BoePhVpdgXEM06SkHUuQ5s1CtP
129,mtkuPILWFk1csOvUpBLOSZSdO6JAIWbV16Djw3oDPKMAfiBB98cAiB6WbGfjyLNjIFLVLLYVNHzIMSy64H0ajad0AgIpnEEEw3r96fqYJQnaBYJTIJPrkdz82kV4D98JCvLi1YzpRB03nDYc6pgdpNTT
131,SHlUVVaid7GM1rkK09iM6kYWixOsuUocrOIQN4vgqkJ5S0Fxv3ZeaHy7jZbXHhoTj4UMj4wvdCVlbsESsQw1uKBkPa7nt79JwpmnFsN164A8lMwqVS5qkXZ829wJwICF2LplGQNzD5u0K3zDdg2aCiZ8
131,OU5wE5X1uF9WKkEF6nP2yXzat5Qg1DjmQVrvhCyz7yPXZg3wY45vKG2qVvC8PhAqVnGpsIY3oPvzIbLMCTRx8obKtBamA0kpyZCbadEPGBHvK2ijjp6vZCS7Mvwq8b3Y4FBi9acZPCq6ggz0TqCKtp0v
131,4YfgNh48j0E1zKJNHgXLlq6v57i9T4ffFbELxiCVWyxPvzTfswmJCjVesjKfyuOOlYWXFyQZdCpmsRA6OCgXh6dVQ0TN7WW1kj36cvaufX5zu8laje1vOr7PlAHffCrQgYCJn4tS2lhUAd1hei4tv0Ns
133,NkcnvPc5OT65cnOkI32KMOH90Aw8yVPKKx9jR476EomTuLCvPImwkizzdCXuSE6tDVVeN52dvwFX1oeOxBSq8S01yaGOHcNzStP9qXhjgJBocb7oXJxRlgUlvtgcZN6TiFF88FY9T9JZRbpWCRrxfwOb
136,4ewgFT2ciF65zQSlXxM6v3TEU9IW9dmr3zE11tOPhm95SqDB8MSzBFdBUrW5LFDETeCAMqT4ixoItnm36HnWVmpYVDGa6jDbj4MdoDohtnQEQ4H6FsyDSgi6odeJkixztNYYbIf3SF376lIrva5dkATD
136,foKZfxKpRKDGiuxN5lMMKAD5mNJNUOttVcwT4EcHTiOaElNf8ZOOGrbelec2ox5DRJkFydi1IFt2m20Bz4fuzen3BR8p1KTWNLTvAIhugnGBxIsSOa3TRaDcWRDgFtzyl7PbJ5BqnkOM8l5tZPbrgzEc
140,h9jFApnnIQ0sQJi8c66WqEalJQpRIRl2c32wSlmv0ZZ5FAJGsSE37QRcyxvjz6fr4yPnhmQqjbv0eFfJHjYpNRuWLpxUqCwuk8BHkVZFCNkwUrxtSlcPHpeMDtbrpvAgeBfGE8YmUSnz7yBUrECE0hnu
142,oDrj7QGNDSTLrojXquoCeeFsRzktvQxOkLP57CnCgm4fhIAPThamysPKyz176NRnVF0f9OqnHmWsKZKIz4aOfKPswF68aP534gUciVfEqmfL6Xz9oT8BcDHKp7j4hSNsQsY3E70ep5Xt5DW9FxjRg4q0
146,JmKbLX89nvdy64QsuMHfOfmLKZk8vLmCxuulPCdIpTiIia822YmSjlV4Az1lczdbJbAca5ds8zpuxd39qSG7Z3SM90kQar5qgGzG9wrxktkjv17W6svTtGMfSoDKkXSg3zNreWzt0Jm5j8QItYkhwMx9
150,TolthMXbDQwNfhJtBsjUgvj7vRWcajRCexU7OAjwYufSUuNgaovTNPNYENy0qlBUzu8iWceAJnwmP1NAEfClnxoZjw3ABTGdsVS0W4TyJuK0T1IczyWLiQ6BFJz0IezqgStuInd9VEbtnYGSorADwvuc
151,RUN5tp5vTjA8N3MUmpeedOgChbRdvtlXQEr30E1OFx3fGkaXoiKFQyMDdKnS8rA0xcRJcjthX08fkBwwAupNjfHRsopQQJfOxDh321kFo2iqZ6TbNrReCnhR4zRotd0NkUigU249JjYQxRsV5NDZsALK
152,Zz2KwLLB4FFocRkWi5SY0UNHvTgaBVjI8Tu3CYM8MO3Mn7svSDJ5slvFlUOd5aAIVwQSWQTTSkLMrAUY0kRxLOQmYphhJ9CcOUqrQ99CjpMI9jOkAqMkTCxGg3u68cKjh9x6K3HrLPOWCINebwhTWSSL
155,kLneC3Hf30zlha7iV9DoaE7QQvburWZQmJ0RUMImGg8iNstWJaBjPWmfd6YGrMoGAiz7KPYI0Rht5pDXBPlRVgB0XkenoCuus2h4tWLuLsSxfsJn3AFc16lUg8KZabUYXmBDI94fDqF2XEk4brTnwR3V
157,XnULlT98uasrFeu6Z8a1SwcnfojR61FTfXlmJ4S66u34sd5MZR6jsuX1K65xaSB348LitHWvQEuY3IvCT7rPuV1kzTbcyUwNtAzU1nSRub3ozzyCb2eD0m8IH1i96jwvIh52Iaa5O9UTsckAV8B5gsnH
159,qNAEilKe7gS45uBsIoq1PP4giNxi1PPuYBRXa16oJfVw15qeAd8DwfMaiTV4n2NS0YG3cdRgSCRau7ONXTingLxiogeQGBAh1D5DZWBWWrltXcgKEIH4jZbP0XfvyAaQBaIrCLnARW1o0EVMA3Lxu6yB
160,QcBhFXVR4sn4pItUHMXynpWC2v4ocW4cGZm8mSLyF7vM8iLVSdnTaDe1QzPKs6eIXKXZWV8oBYsPtK4kkJ6z8LBClVSnCBG9tmoXUlzxEySMKY7G45ZjzeaLJUeACklzSTWGVHZyJ9u9spsWnMS7bW9O
164,cNzHyuUMTtqC0kXF190jATU2RNq2NXvkItitZqLfaW9vBUW1u2KnI4MTt7qlDrzvxGt7B4gaYlIdjY0wqZ7lNIbdgZzrA0biXexv0pZ0maZXW994HtudUNip4Qqc4o9yJZPF156BAGzciOQHp4kG5yYK
164,H0JzmvxB1NwT4DbXtdNNFGQAinAD22LBEJTFWBNLBbRBUnV0JjbUKwqBKJQzvu8yCuPVk6Br0CL4oPfv29ujqqrISSvMlOQHCTyZ8zgcikuHkWMu4V6VzpHLDGC2boGLmE15QPW2sRBGwjXwGAi0huHN
167,nW1xOBteiUgugeOyE2ioBOTjGVaGf4swOT2tv5ePH2NYgCZV41d1ZYK9Cirs1myO2jfXLUD9o2g9AuCDwOcOr06pItqMdloV4zwwWCJJYDcwib8IfnwMKjWBMqOS4qvCeVEAyFhuE3pnnaH7Vi7qpcKk
171,uk5ore7IaSX67K9FCHht9NcjgwmTENCKUXDVMFNoSeNRjAn7xln43qDgHmHusOEWQMLJGOtwutbuzVzfJOVT07h4UWOZySwDaqB7pe1jrraaOIglm1ldtkwi4hojz3xbw8TJU1q4nc19wHQLf2d77SKq
175,SCHphjYtzdgo71UaQqQTXmX1dE7q0EeY3OBYifFtDfx4aWHASwQ1t665fgMdL72vyRVSZvrbkXQipsrQw684nM5wi5jC32h5MB5SBoaWEeg5QogmpvgfzyHlmYauMpISgk5nX8OHvLZI6AgupwM7mB5N
178,j6dOgJO6Yo5StZRg8jn8yPmigFPdb5fPRsdCbtOCLcHLKbv7vqNRhfv4kv7btbvtJQBAlOFf4lXWIa8FJiikSX7cxJSgVdIahOCt9vlgk8mvR9VKW22LsKaljZDcwYTrdneu7e5OxBAkabUXnITtLwh7
182,RKKrIkWOvS4u1ciwNOrKqKHEfpoF0ggFHQP4VWoRd5fTp2W5bwxiqXmGDFMTvQoObYnKXObrZ96U5nOM2S43jxPk4J1PK4VXh0h0fLIXVGTQr2bPrzqdmU5dJCgOnVguOIdEFn7RKGIdeztB8LXLeiaX
182,ERc5tazZYBio6JD192fMsyJJegbx5Q68QJB5vlQ6INPxLMBCUkEQuKCFH2qNyBuI5J8WI76nLIDejMy1e8dlLPdFGvY2uC8HTH2BeeumNREmGYWv4Z9ZXJxP63QMJEsIawVbjwnzer7tKryi92x53IjK
184,M5KYhdJYwLKDkL7b9l6cDEe58chGXe2NL271dbwNX5OgneoQZutXM7GHqfpEvCBRixsSeGyxoSO8qyhto0h2lFAdW0bxmrSV3wxqm6cTvv9tT7QryvQ4V86dwOwN5BLwAsEtBqHRoY7p6GToJjzqbnzv
184,Ut7aYnujdt03WqHozfxBhHqvIDmBVVNsJ3hw9h0adFtMsUnsrBbHCujMDc2UBsYSg7UtJLPSPWXbOdDnQtKTjFpOk4txOF8kga6UzuifmTsg6HyZ9eEHhF8bhFIfRRDJndudHinWK470NJic53YaB1Cb
184,vctlDY4PistMVSqqhxN7IX8X5Jot3HWaTaLFtbGGCK5Rp0JL7jU4pDu7E6Pu9ama6StkGkwGqG5xsR8FzcWjnskPgdBXVM61Yul66YEnmNdj8wfnyKuxOCmd8dE2j9ld9D8x6B8a88xaOBhjyOYLR9NW
185,HysUbDN2AJ4YhQwbTYfFMY6wU44K9VzqMpYDfQw4jHOrMVRx29yK7Qvi1wzH9CseKeMrstvD1KVEKfkzN7iAXpTvtfbjQpvgP9h8JZE8euiWvq8mLAtBUsRUUQxMRLncOepbyLqn2JW3GxzDHp7PwuWW
189,WNs1sR2GGHQAwnzKF9L6nOXQuE2d7fUS3TcyxW9stWzpjCLC8FqVLq4Hpb6npo80my7dLBMjzSc1P87stZF1pzGcp4IWplDFn8Cl47q6tHVsOCsREeuZiHbnrvogsptNP6dg5mYV997idOXmcqSLreXg
193,Pt8jJdENIdhZLmRQ8pJ9sJc7BEC7hVbJwjPspcZv345afW0EAvSoNGEGQBhFb75mC8227Z0wZOFYeCrfex6mCmvpeIbnuUTwzi8Hux7b4WYzBg2OJC0eAjkPccoYncBFuJZv3klg0uRgXwoygWestfvP
197,T4RJIorVTFrQ6lZRjNF1Ergopi0yJLONJxKP37RGZUEqxhJbOaK2qnu1n3T0XtLIqdH9bJnMvyBjnqqH9pk8BmXVDi2ANrj6JwATa9AEmx6rmLexcLq8IdHDQl6shmyDP59qp77zpflDQ59sE4YBALY6
201,xDoDHWAz2cRbnIFerj2rEmkMeoNYwDEHDBr4iwhTlDotSQRWTXJ1velKScZTIbCZ8K7lQavuBJFAyqtX7rF9tcLYQgLG7YKKAYVIj5Fi1P0l9kM2iCmR636vyI59ZoXdyvz95ldBlWHeMZp54jY4ctd7
205,ZKbA5SdrnmdkcwwYk5JWsj8SzFg0sAFR2hFbCBPE4mZdLlrm1GrX4KAgbSA0cMymhWSvrVWjPFsFUvHOOtymIinRgZzkAp1Rncwp2vvFjIHZSuVgKmMiOMdy9AO1Wci0daShzRlSytCAaXzmES9OdjDb
205,xQ2g3jH0hmhcdhtBujUJdYLA2XDD4nt7hiBBSb5Jv9sbRK0bgMizi1W9F1OFgEwusJvvfriSOLOD59jSx1XREupPV2wqXZ3qdyjHO4wo40l6NTD5ivIOheqyUf9MvrvoiXZ7qbD258mdISCCZ0H1ROJz
206,kn8vjtc4wopu6fHrfjJrMpBd6n4j373OZZFo47leKIM4NIskA9b4AHuvlvYwYsAYUa4GaSXIx4hDc7ZYukjuwyOS4KC9IoPRHoJdemJiM275ZrSO5zCeJG2VVLc0QnzIOZvoYmjIaBi31isdroDImbHB
208,nR2Kj1Y3YRzv4pjQuEIYytcSy81krWcRu2a4Qxr9TAD0siXyUss7zdXueKLKAecBeiBBPOzwN9EypL0QL3Zy4FSREgpGmg9fYClKhVjGtvUZ8YE3jvy7Od79Zjx8YsK6AZanZP9pjTE8lsjgcWXrhC1k
209,MlxYKiBlnZIoQD3VJnu8zn6ARwB4ToyypSN4c19bDmx3asVTt58O6L5ZOwHNg62z1KyypzjhOT5MpDZZbhbnPj1emoPfTVu6UyB0tW3tlqANgT9K6iczuekiiTLBjDXsYysrCz5ONhCYiNy3OFIbivcf
211,Th9L2Kh2Hoh1iI7NYlMcVz4VhnevmK3WMdiRvCl7UvbZQC6wbYUJZDrTNO3e5mgxVVOE0QRVzfS0YFFfRiTXpTwJlYEh9HB7OdDvo16VGzKkk1vHIoXn3THBYFTBMamsdkLkCJrpMyQqJMYT3w8kjOEv
213,B7iI4J6NRHAQLFzx7b4CRsLgz7PCBIYgPOAcIhhpkdsFYDRq8nMdatOJVCJwt3MIiUAwFWopteRezFSvPY3NwlGWAqQG8kwR1jXDDVlMyWjvcaJPjNh4AyMwOdwOGiRJiANQiPrudRO9CKkZgAXUD1Q2
214,1pZY6FPF9MbXt74WmqijdtDt68FVwGQjkjRZ16HLy32yICm3syRb8jt7m5rxAuJ3vscKQEuPj6kJ1Fl4lc2yofLBqkdvfJLEUyCP0cMoDBsByjFhkXMX1KeQhbT61ya9Vfp2C5DIZevnnJDHevLRxndK
218,m8oTgWE1SfStdeOTDymPr278Mr5nSc7CfIQwOpiRqV53kNARxxupqu2TBQGorRIgIPO5YRENP5Y5xDnyrOqUhhMkgxvyit09NpV4z5tftgaV6wVx3Ixd1ny0D3o1VG4VEoSIiSzVVK1AHqOkby4awnI0
219,u15g1TmMOQheMPKIbSQVxSMPEpXbtZRgrRnr3ftqfota6FZjU2U5rEtcOQccvKSozBmu1TewYZgIZciyZeR1FmonXLcNDQu46Eb5T4RAnXG1XlMb7dMRtqjMMy6Qg1tI5McVBNfvWQehgWZcyAfZDdaf
219,YSUxBTV3ywLIraUxRucMB6q9uRgl3ErbxAdvUxVxSNh0O4H0V2miy2Tr2lDjdaAuE9LqxZdT8funoZVZKP0BRJd4hl29ucTiNnVeSQ3wp3JS85CC0d8YJycvwgJLwDZwVLaBEhHtl4MnzUvLi0JQDv8O
222,ZhbHRzlENxWvBxi6ecfmowclx36uJt0dVqfz5m440jlW8Qg20jYTt2W2EqJo3qvT7j9LSjAsIKVFKPMgmD4Z4Gkt3MvfdfBao1pph4Khi6LiGRSod2B0W5p0zfhGnVO2JlQi0XzSsngyvCnMuGBKeaNS
223,ZqBmEtXRj8VA9YQ3j79pq5xs4MhUEo97xGA7y5otShM32MUhkguCe3musIRrMDMvznC2Yj5Oif6JS30SrA9Xt6t4UGepNwhP4R4eKrTALgUywcbZhzAL3pB3u7IRFfBmyQfBymIzg9MNMu8h5OINv5mf
223,BkcjBv6e7Afx90vqB4ucoQzz1lq7nq23zmxB6Qfdf8etsjwoMWuAsC0kkdRPEzrh8Mxn2tUlpQwQcGGipCU1w1bxVMRsyZ8ghxVglIVTBILcFKIe690Cf0lGaA1Qc2m0hQ9fkZwggAZnQzrLEcVZz5BR
223,OFlhFg9Wkupb3tGdjWeAyqbIQLAGX1MOS36ULzbUp15FCabiOmQJXQNX3c1tg2yThaSzXm1jkTL6U6GfaRrbLCqBPIq87hdW2MX1RbV2U6YDFgDx6lTZbXHfjRjOwtLDgoEIJeYyvZQfdnw9FtCmYOlE
225,hhArH50UVXRcunrXU4LG2BwUKICqZe2CzD1xYGntpUSZfxKFLYDjaybgkfhy3augvOcrVtzNgRQIj7fNxwfBbi1B1lMiZp0P0b40UTkRZpDSh3wNz3A6vtFNmbZ9gQoqqBhICPseMXbleITyozivouU7
228,RdjtKaJBM2gloKkaWU8RT8dR1kh7sCwhKblbJlBm2k1gdMAoyU2amPMiz11ZtbIK5zaMZJ1aSlp9GxdPkt98aWuvZDciUctqcRLebnZotrSA0dbCnLezC9aJEfnV6iQfsywplzdw4keiEu5m19uIxtnC
228,CawADSKbcH1gmQo8h5SvsFJJAuxoHhzKuIjYhw024G1mDGfSFaPY5Hpx0mAIUV3uIQle7ZqlEp1ldXFtOej71afnSlyuwRHIc6dnUBlfj4TffDTCgGugcv27byVl1wpmiTIGjS8NsDoxRzHO2vNpX05g
228,FLWfzOne6xWvMTX7go9H5QcqGT5izYRn1DeHM8toASkBkTPcpShcv98p969fjEfIf93JeQVIulGM5aFmEsshhfrs4p8fzNFvdcWLqFx9w9hK2VTy0maqMx0AhaepifJgfK9tOuwzvSkHxg0I59PNcOjf
228,V4P0IqR0A4Rm0j6pbvtNTCAK5UI0wD11thsZh8n22hwLIWFpiXBTp2sT3Eunhr4xDqsiqGIDI1kbFoCJOSh8CHb1p9wcdzkbNzIS3WycPxLYhQNeCl8YKvuwO1tRK5ZIhJYGgjgsUFSEvNj8WRas0V1R
228,LDB3h1k7Cg8sGySFgEEcpAAhUusv7iVhGB4geYcd86s6LfPTRnjQWfPLDUIm8oAUVqmF3c0R21ESH35ff9ekyFV1lScTQpEk68LVsJpeW2ovbwE9o3HyKPWP4VTKzGBcWTm9SKm5kzY5R0qpOD5niF9R
229,vq7qefP1L8RK4RdgbOLqqyE54vwbOuQj4XWUOfGTJEFr8ekmrGGrY0UwlCViidMRS7fGuT2wIrhltMwqLKkHnYVEDZ8MTXb5ro9Bydr7eJj7i9D9F568tE3tMbD5lPckQMtEcvr7SM3efnV4VzHoqCbm
232,gpWaWmZ6yR5fzwKdzPgbpNYQ9JlHnuNaHjvG4xw0EHh6ppWCxLrmvL530GAMARiDDv7PADIBTQ6i6r0knjKcD1fvN2fXwkZnYd3uRGBtDp2efnx9gQYRGGAbPcB8YkE9qjTsX53hhQ9NyBQ05FhgVIgR
233,sfeE34Sktnw3EMKmh9q7mdOWbCTDYOiCBP5qodOmQ3FNUw1t6td9qkqO1S31LPVfFt1ogUyEUDQT8ABeaZ64aJMQZQY6JnaBHZI05cMLv9Om46g1QoqliqEvgKZ0v1u73OMIraJyNU9AuZms9xQVwpSQ
235,MjUNmQ4fgTPU89ffr8YREBRY6qxL9adwvneqok0EFVNG68AYafFRuyQL2vhvSSFGfTYkuoqHHTMinKsxp9at5WCw73YtD5mmPH0NJQ3moxJam8XSDjFiiMaTQ2N10xEc7Z2gjeo9FoE7N2KyFFqTZDED
236,HwhCCWrt7DWGh8Yv6cuHCGoRPVUHkM3VYJciH7D1NefZnsY71Yt0Jv4BIZngBjIV9Ah8wfoy92uY0Z3WxmfWTCM2fa9hkW035UpnLqblaurhBFajw0jOEmC6oOsVGGOMC0sG9gLHLtmYL519zqlTdLZj
240,TzwxQf3geebN4JPObDKzdVTnSVPVu8rBJnQhOKuOTh6qpW5g5FCHOjeyfIeu0HmGn9Dgt8A1Iwgwo2xvq8qp6jmZJRBF5AoLv0CQSonwFbySCiJNLiDrQx9Dnd7b7uvII5BY0hdClukvk3X1Houmwwux
244,y2fRLZKfqK7gln3FBFWMeSUQF4jzJLLaD71Pyla59QuSpkWB0guq7kLgIYLhfL5eyxdOVOHQ5rdYYB1VHh82RUCSVlG99tpXkQUsHIfM9eVgHnRHxp9ycDXduVsaH7gbCPeIh8OzCWtczWL83zcjUrlg
248,gylPEEBxjdrJJ0Yb9vQKke8JUHIvwRL4xPAa2kxSsfQiTZT9NIkv46IB0bvxvFB12WLuZoJpxxSFYpqvn9ho6PA1GyJqpAWmdoQxNYJYzvx7ODdalzJWYMvMWko0fSAwa5199shYZSpbR2MCV9EprAY1
249,Da3ajjgvBwicDBsSkwFXUut7lFFNLFaHAg5RNog8JfQ630R7L6HDSD8Ihvodd2kwWbcW5bEvQ6OeeXEVo8Cex6pwIXaSzCvgvUKsnuCa1Lnmou4Ur3pF0FyqmfOHAmwOb7iTNL7u51NljCHNtQ06MpQp
253,UGIfuaeP8KQLKGfvv9zsNGj7BOkW0ClRsxtFZPbr86KsqBiJlaRPRxJNXadgpSp5YzSNN96gyHUgvrgz5abql6AvofiobvBPgf3ri5vLDbRJc2R5teKOhzksyXZ7riEDGEAQXpQAf0mKOrSWYMuwkm8h
257,asVGXTV6OC81AIEXK9RMadHECJenIST5SWnwvtRG1dAokuXEq8aNR5TwlQDNf7XwiCJeVH2QRKkwdTTImaw9hGOnDqLeqD1uQEFikjjiGUvGlWT2wu1FboOcoWa4woZNjqg9NbYCqN3WLHBg6ihwcVT2
260,3uYIOlRviXvfkOV6ZOXUr1gUtyNH3bX6Ojkhztc2L12kGAm4WZMHvHxCNEOQ7K1GzY1A4d75bvJZywNtLjlDYQbHlh4vfWuBAWki9lAish5Ay7EQqVEoZXiinUOmJbqPAIZcL4TZjCLhkaIOdNETRFbc
261,CvP7N9QrQzqI1FVBeFXMByMLAIv76xv6nyJ9Es52up4aSGMHiRdAOZcDiD6FdjVSETU3wmxmauSL3ctuwnoOUvSXVFrBVZpK4M5yliLwUqZTH1aFJcJpvGyJBxHqvw0KEHgRGuJNcru35yPu5lrjQzPY
261,WxnbVBY0POAkTzO2wNDM4dChMVJEhuFrSDjxVbQq5DQjPKMlcQTlLLjjuGZzrTiUJI1PPRHUxNg1XS2BJY10aTgGUACPMQyLUvaGjw6VIzoy5RVbdXq3sSkp2UvPOsIgO4H2iVRMrGSb4hbCe0bo05TC
261,keZBRGQqIjAKttSFdblzJUkisaoRUQjKERygsLaABkWxbsk7Simt8CBZtgIgSy6szpFcubN2BkyZymHzqQyb3qcCP8nLCuiCN4ylmIcg4UrnEc0G9JqBAvYJNDWVoBZGCvL4oWMhdRGJyoycIgctEgCS
265,o8jlQs3ullI1wRNwIYioOKYEjNHY6CWttYAn2wWZdONDpLLYZxwRU3qeJfBDkEYjYP77RZ3LBSLAxUO8Ciz8GE8Z7VdnvTe9q4eaedHA3kQBSqgp03BCFpcUgIzvlfQiebJ3fetYbyEVo7GhfoX2Sc4A
268,Ut5eLOo47XggNJm9c0GkR5JBSQwSoZBHJbVkXkZjQrQJZA1fbsfLXP9pk4VvR6gHV96coBLsAW4ZOzcSpRhvkpjuB5AtY41kLJoq3pq9hnLBkJaksDFApkX5pcaSBR35ujOFLloA1HOxeiJrvPBVY1v0
271,TBqO88ZTfHBv59GOF8h60qG2iXlQIG2onTskxlt9oezbIwZgvGTsNuW2uX6KmJK8eNHMhWRUfIhlr5UlxFUCn9atwZp9Oinf30wvpNy9pyMFMaaZDkNgoIkEcNPR6hFxVCS18ZwjGlMoW4hWp0634GqV
271,sSbyhDItPkJSJqdo3aDvvhI6s2FKb3PMwlgGUlZiEvHj7EfasfA5nZjKKFFOxxRl5xVYJ73iLUqAaYznm4Sw2jY6B6wPfKkHeVO9jR0VLSU29j9lFS13eUTm9oWdaOCAajVOK0E5DxkKYvxSwLJXiR3T
273,1zuunlxPTspYUafNwZh9JXdqEgYEfSSQBMi0JbQLnuEDHuba4JmslksDWEqHWt9B99WIrPEVI5mOTajKEoa5604RTfDFkIpuUD3773iOF0jPxdkmUfD8TE4JFFoMLyaAgruPGLcaFVZFhOTguRkEFRbQ
276,T22f6DHqj9Fj5fJD22xeZ2qlIRuN5uYQdgniKv9SSPxfNwZcbBcpdbKrcg7OJtUoLpFps0s7sfWJ4L8LsRc4R9dB6vG3YVJYuJ3YqakKIFwxPAX0IVVrQq7bMESwUZJ76xPVhJUS72VLdfl68fUCzRHD
276,sMmRnpjwY1SkBjyADTo5Vx6SmXeEG7OpLjox8AkccPPN3l6wVCwyT8Quf44ZLeqqM38SuB2C9MsGiTpBqhjEbQ6c2tRD5U1yYYBzMOCU9uYHgKMWf383vlOwxwqAjZ6PluhTRpocfY4hrZwRhvYClxDd
280,FCQXBaKXJVl3sEqewn6R7E8z8SnB43nrEJMn8OdoUThDKoor7XpJ7VcA3QpimJtg8uZjrDGhJhwOW5oj4w3GedTi7MTRZvBLZB5QZFz4RHzpZXdy2FOqgnBuahLfkoSOfloVA8UYwyp7e4SJ8UpTgL4c
281,afitUk2plJd9Sytlptix4QGYCGZzz84QMVZtc5bNXhtUeaQVv7qSme5U9TrOV2qMfXWw9AIUS4amXlj1pEE1iM37pEUSeWsvrgfRNTluZ5ASEixnaZYQXZ43tpG4gpgvcevgG1N6SKCMLL2HG6iOyb72
284,LXXMRN9pEf0nRhILsyNWRRiXzXKH2xAH33uEqTBw3XG5CUpp9CFdUFuueANtD1WHfTUnmEV8wQtuKNVf8V8ZrXmX9AZpGItBAzpjzCC4g6gDLAj1e7ViswQS6wOmf52oXstLXcf5TDiUgiL8QyK8nLID
285,7MDoPpKErgTH8DCspYpOvbnlf5gVuBMjp2p0chDN7QoCs1iuIgxmTpmwYSIjIpKp4aRFOcPHVbgfmlsOnmMNDZZzgtBU9TEiGy8RJdf50q0hJHJcZtwWdwlEKRZUav8B6y9nNbFKGgnNziq8jYvfXiEK
285,3HrNVu5SZLL8VZnolPwJ8F21qaMzsdntZaj4NwllRv96eAYzHrc3IAeYe0Xki5ZlXSJlfTbp3Krc5vmpMMrBBUkYvVpm9BDl5oJWrcTnPmAyJBtie775dYjC8kpU4pQ1HFGglZy9tElOUmOu2GHB47HH
289,HoGnzT068rDuMxO9xc9c4il6vsXhOx9xzcebrmtkVilvKzPJt27v859YCasHwiSbRGv9SdhLipQmwqVvcNom0eZ4CQ8Rtmnd0KdEDgrQlVMiOm1LOw4iu5Lcg16CEZRvBdWmMQswW7AE2hPPoXCwREiu
293,BYcJpMVDQgb0fyxE8WW4GKzMRNgXVexu2nLsPn7VfALAdpJYErjiVZsqYZsb5xicjgysnFplpBpFyy81ESS3vO9CuU4pvvqhR9RxrRazCxsTamrZr06MfPh4Gvx2bzqtLHoZhbanhT1xWP2H2Ey4ZdCC
293,mqvTIYDHzI2y2iPqj5VnjIr3qz6AV47Fl7vle49uXqXGzIAViefIgOIey22IrCl4aXNun3LPv10tlk3iyLRhoZY6ZRmMB0DVFs6buG8P30MPoOtOykKgkEgLzh45gyN5XEosOsnrcCNXMIhLY8OQPXbA
297,UcNcC85Ngrk0AzGxSEhqSyqATHIjwPA2nguPaP94iK5RwkX8ITxSuKuVmNTvZlQ1rRdUFqXC4MIH39D8k9acSh8dm83WweFwuEZfHD2SwunhBmsMJlLpLdIJiz87WAGqHMNYJX0gHSgYtrbzgRNL2PlQ
298,PwH5vvwnw9p83CmU4isxkPqY8rFnvXs1x2t0SLLXjawRm1MO0qy6sSLAGjxEpJr9hXbBJVBT74OKS9cHerWFZW8eRtU9NH79iXaYpLEFpeyXEBh6HpZynmJVpwkPB2FZxe1vyNR3mRPkXKaPMn2Yh8mw
298,P9s0pEX9900al8t8vL66YyeW4CNzhhYr4gjeYCxNsLokJf0P9pmWQZpQu5wmqXrrB8FFoOJtOSdMJtMpcy0rvBbFq2jtGKW5TwjbaV1UgtIxmdHBTHKsxAvzwAOV4QmEwIsNKbOQ6FLCtdSNViazA48T
301,kf9GFp0GEBekuqhstVrotFShAzmfnD298L0wfJ1Qkvpce31rsGHIh4IeWsGFDkTA9ELi0lMjubExPgC78ungwTsEDl9nDVMzcpDaSj1GtXNF0KZfp87IwdDPLHefMZf9YEU0c2Po3hm8FmdtWtx4nEDz
302,nZKFmu4iehVpyCXTjfPq5JY3lSS2KlUBVepDEjhnSq1FRDXqaLEYoIQeAhT3bB7tXU4TNUPzy18eiTMhv1szhvMMYKCWZNLQS8hw9DdPvE0Wabvg5b7KJ8L1HRvCRsakPRWKbPIsocDd5qcnPWrngBHk
305,PpSIaxD4fHSPlEP3fW648wReInvAmEOKboV0qjOfAIpiU84RcUAeaPnT7eAmCCibsHdxjpdvIr4ZG8U9TeY1D9aWACsMj1dy0OqMv68mhF6jlYMyT02XdQ8T7Qxgw0LgO5zsiHemGbkyCqabpusTyPUK
306,6ee9rqQtq4PYUPMlgRC69QggVrB8shyLpMM2AMOl3FMVUM4ef7SyRdGQxyOzohAI6D9HDjl3CQC4EUVIWXsUZAtLGv5CyPwmEDpRdXawmovBbbLccGd1ogj5KYBHOj5nTQ0A5E5zmw7aFsa4ksZrb5xY
307,UGOV3iDTIhULLH8bdesII0Ro6XVTdLoTBfKxQeTN4RwLPT8kqQxrEPLup0oFWjfwsBJ5xbUzVfer3F8Nob3XNwPm3PHppNqlcASOJCmPwy5YbU1ksbQlQRiwmXBh34KIotO3mUDloO1P1qKJoXxNwF4U
309,W1mBFl1nXaiFxx774wBq34wMstG7wLiYuM0sRkj2z2EP1Dq0Zf1I24ns59IMeuqLrULl7fQjN9qA0glpCgHRjavZY7Whc7nFbsXHrEskZhutdm1ooSJyn92RZmXzS8HglkZ8SdyxnWrBfBmbG7tUXpSC
312,GhFht2qaOIsXt5KTLL0h0bYAlskfnTv2WHMvtQtuB11stNMCjALerVz4TFvAhLnuN0BlTO0vR6fzK5G8giwmHRaBHhcoUsMqd6f2M0i49QWVfAUnyXUzPAnvpzdbccaYUpVdqeVPz1NruPWHXoqx8Nbc
312,jdMmGsxfxBpehxUBEznnwB9d6OnlcqGOiuHAJ2t9PLxO62gr5w3NnpmiD9QsELDGubwmpTrcGN7lEUHD8wPfXs0tHYxaMA5DHqUv6tBMEqH9RBei2MUIwXjBKCf1WR0Fi4dNAM7euDb6lqbFkOIzgWHk
316,Sk3Oaqm0CqnY0iPffNsmMQT19gHJ0YVWsGh1E0TNoGizohU6sUBIOxuC0Beuidzd505TAobOufyG7TdrWaRGXNHvMfAClZ4KGF4XMA6DjmO9zo4GYn8HVtQSSaGVn924KnA2oPfVENXay8vYKudyrWpM
316,MFcuKQKTjYMoCRIHNCH6fTkeiKtv4doynecKD1txNQOJjaIc4qeUhgItVxLzXOpGaNAYfyEmIKSZFavICR0dz4RG5ipFPuay1I959kw6lrL6XjnkBCxGoLGGwtsxIy6OaUyxBZ9SVurHSkjluEENw4KP
316,29fryXmVwvDlqjc3fkuTynLKGCEuTSGKjv8qt0W6FmWofADV1jRjQvCeX4kwTsCdptBvKm9OYXOM0W5Gyi29AXunst2ZfZMMjizmyIKfJDUsgpOBzeybZ2d2zOCRTK8zKB3hXiHp7nZxDBHCf1ZB0bnQ
318,7nkFtVz4UheW6dQ7IDcDfZxHAbsk788OMcquWke102iT2fInI3S8LNZIqdFR3OxmI0KunWLYYKcNgdeU2EcDQzCyMiEieWxM4vKB5OAmStKAbM1MyloYbu6IYMiER2jBN0il2doOEplWpBXzRsjt89aa
322,CdT6v5pJInK4gjVwaUmJJTWoinYjq3eqHV0z5iIUvMhOM5aIXwxOn1PiR4nIGGTfJUXUTW1sM1NwcHcNMQVu5ZCfFhhAuzNptCFsHQpB4FBVOTGKr9vqkYJjRhObe0xMOXDaBkFw0TZZYg1mb7IUEWE5
323,Wa0BNXDHoHqP6IH4yZ1zjUbP2AGRdIrT8hfKfuNvVR99a6EZBqFwd6IBzK9NRm4gP7ho3xpDM5d1lBevvhQmCugC8eK4Vze9nsTDoQwEBBkHshPx5dSa5ieUrfPpmUiNrDetibGelLlBK8JrYNyigEDF
323,zMIAHRgT7PoCWPu6doUwdKS6Y09WA6nz9eiYyeetEhdTUoBxDLDPjIbotcbgiUTA2o3h658yK0rv6zL9YcSo27Q0Du5VCxLkYcq5VU08cEETQgRu0CRGB48u8CecAMvNPG7uIgNELkLY3xJXcavAgEjt
323,wxTfo7ZIrEKIXlkoNvQTJ1bsRAZRv7KXeqMjtYXMlPbtzOPoLL2J29u5V1YoIINUtn469Auo8E7upisDkaGjEAuEvgX2A8EdCRzMjiOKQebYCAfd8VD7B3Qts0btd2nzzur7jgTCVw3ZY5CvAktf57b9
325,FTTGV7orcZHIIusBALFzq4XXfss8H32SS6dWzvAYe8mGumsqBd5V59Kbwv03eQjIwoqbQ6CELgUSiQ3tzC74yHmiVC0E46kYodJFvR95b0JpOssf273bjPKpCHQOFy9eww3FGXxi3Bs7xx43KkbxCIf9
325,UDnBUZdr4tSZm9F9lIhWcrEdmEVWccnQtclTJgIcPg2ELDXL6XRAyNq2zKOQDQPsFB5KnlZEAEHvZz1jhKqOVnSglTUz2r8y1azK8MXlxMztFuDzi59t0A7RjoY310cI6J4pARK4mEQInYarPUQxSf70
327,h0jouT7arXw0Oy1UEHVkY4VO7OGJeprbDmTr1gslj8vBe0BWpdO7LgdME5QfNXvC5UX1e9tXOaAq8T9GNjUBbT0WJHmvZM7Vct5UD9hPkqSafnelwJ23Cu0MtAS7nxyCDfNenPDdCFRkAphV2BzPkETh
327,T0CQK2nsQ7A9zxgGo1xdgLETxElxiRzW5L3oAXrd3sjSgl3ESJwcVEmIWjTFgpKy8eEo3sF09UJo1lcLbhe8VWA1YV2RDmwdilkCheb0E5DAuyhaGI3zLbdLddZHZoXnX5GgBa3wFN4qTz60erKvSx2G
328,8YEP3APIQcYsA86e7tyHmseGy37d140Dz83LZhcMOiDWI7dTeRlD3zVfkxQz3bglMUs2FUOpQlsDpRy1qOzKiW9AMo110djdCRKnfKNTCvnhHRp3zpIOc6CplsPQtmZdCPB8GLmgBfHn9stvyx2b45A5
330,VCmuw0P6JfsQRWnD2NwYPPszUSvUnJ7O5TlJzlEPrQ0MBehbe7BSEHyFJn9e5viAIdkxbeEhJh6zpgygaTfQHPKYUfALLZjv7ZEXukAA3UIXazQ3ptELQ2ts3Wcves5jxb1ZbalqTfmmGnnVY7WRU8fF
334,Lt8HEWbpZZz8rrOIOrbfGmg8R7H5NYYvVsZhNiPTKxhXom7fIJGgDZZZNzq7OGbAADMy27u5cS5JFSj4z1WDSirw2A3NrhEEVgWla9NbPbDluQTuQW7nj7iSLQ51DgduO0oYwyu0OkoheGBMg8x5KQUn
336,E9TDl78xI742vyS1H8zjBdFOTl5jIkxFAZsYaW3MQj587kkaeDCiVEx04FkzCooYaY16GurkFm2RH6g8AuEEiOjw11t5b3K1vHyJSO4kMRc9bgSyYLyIkjgVe4EeAWIbcBVA77Qm0Ts0cKVlIuG04CgL
339,c4nKpjqIAx9US0rvMh0rPj4JT6GPiG9UK8vC2bbaCRbMl0p4O4SUQTLtAeqSdaZtXOJj5p3aFqoyHRXtgcAOoPEqXBBolSw1rhp7QGyZAhPZ5NljQxcBaLFIJTW4ofpmuXG01qcadaNGAfVKPR7ngvrg
340,hXxk4bVs25HGVRZVBYzxyI4xLO6HCGz60ok3fqJzsO8JOEtzI1f6rid9sz8PENpW6bf76vfLPzEkaUjHV6za02ehKLbgRtueYLdcYV3Mm4Rsdsz7Q1u8OPvEwxWVUztVE0WYgGizDmowKmERMD0qyW0J
341,9f0yHsmawnN6aqJiv411ytKtFIQ9CWizNHH1RAvuBVNzqlbMQHDryhSf56tzbN89ENT3ji0v97ZcgLDT6ESuTrB5p1wlGwSoneuc1I38gHR0RfzT3a27udPNMoeRlfpdOboBQ1rYbjOL9aNJ1cR53ltK
344,hZd3LmASeLgqyCCiEvKZEeba4pJXTJ3ied9BOuZwNsuZ7S39PnYpikUDoCyVddz4ixLU2A3K6OMLjMDMW9H5kdAuS6MLvET9tZg9GJHPTOT48ITbymzD54jExRBwnRO1ucST54FM2sL6T5VKMbNJFPEZ
346,bboHK1CAs9vqzF4gmbcSNk2vrjMEFWf7teusQFR1J51wZTN5j2Sd2G1qJsP1Oxv5uYxVLbZgTKJiT5675hVcDBFmMDjYqqNMawBBWsTHCcURxj7dWhv7bS2tSKIIsBp3xwHW44LdXNa1hop25FBJufaS
347,IiMjLPBmqTAbLJs5RJXhBL4UfcmAg8SWpsVlyuMy9eq4orUwIdc6Ma2wNrD82AGRBemSnG6XxZIWVz5oSqrCwlJOZZ7Hre58793KECICGP9n1GbOVOPcIDVP47sY8Z5Stapm6VkQhpwgMWnTnTlcYtZ3
350,Og6Jk3hkQtrQphA3zuTHfDIk8aOdsuAKV8SeNGxVPwv2vCyblJZyGW8K8lbJODrWthvQZWPsxxsjHfp5ccsj4BDyzHG25nHLE98OHhMZt7BJ3pDswF7bKHrrewQSPnWJqge8HbYu03qxAt5KDN50Q5Bx
352,g9K0tJFKsTmL5lVgdKhRtrk1GOCSwtUfgq0BO37UknIaiz82JjcUUgnppiUeHnOzyH4eUU2KdW6GjKjGg9IMQAVACbL5IsNx9Ibb5uHpR2hxJgFfzOy7eBiyl3bjJwBkJ97a8Hbm1TunTYrV556uufS7
353,dpCSYgV1wnaJ4HrcMGVHvfXbPNdZHq4QAKvS83Dc8WWaRMBYeRi8w04y20CLCvTGTTITM9EiDi88SmUCMOlqHvTagwpI1s9cCPRxEhMENz5NrvffFzyoK3yXz8dPjvQLJv6C5Xy4CgcIZGilRKC1tl29
357,ux5ExURiUEwZcKiA4m4qqxtpsx9tpRX3wlbZ3ZFVVZEBmVeAT1Yzyi0wEgMzlYtDh32q9S7FhI51trD6S99XtX4OVeVnMFaw5BUSsn0AtTSpMzCMcggMo5JTyO5uxksb88vr7kd4I84aFfBVcJK6YXIA
359,BUeR6DJ0hReDLfrCLDQB9NTMKSn9WMK0vz50yMc4UKYXWR03T3MUryTnB1HNP9D4HNIMJ1Ey1lgYpvpsrUQtzp8wgiZ6FYPlGuQJJOUsZOtGSuyFbPWvTK4RfM61B7tD6vSvegjdzY4lw2elkUvpCT1w
359,z3xhsqsUpaWcC0v6ivugiUM7khhcEAM3V5fNmvH8b1HsSJhtATTX7PhfQZxLIQQpXsQ6lijmoWERNUPbAockhpwFozwWyvZVLR4ZtKIR978KL02wKWLUd5I8wKilmXnsxiFvpqhpgUKJQmuY7zMckEif
359,w3i2W5MjgM3U7GUeVeTVySJPTNmKLHtA0ltWzXTox0a91EAtsyZZYULeT2IIjC78T2ulNxeyV5X7iaoPNtSMi3cFaOD6OKEvsBPyKPfvT1EsxdwietvqjVppqoLytIjL11fgUpFyNWsRZjIwSUsVOOL7
360,ZIVDhBLht15yPYonxcX280GgOf8QXwMPH3uhju6Uh96ScyCwD7RboEezBfpB3uTwOPql3GDCGCkytoDQccMpea1DpvgEF4rmP9DXHQ2x4P5mUfFNc8Zqi4Sdonw80zxbKyiUkfIVJPVZFeiJp226FAEl
364,Z8UUu64RubVxl2wZDh3It8JEmix605JtwDVGoAPiqHKDXMEA6GCTbdXqZP8L9yqY22BhHpbC1kRlYGhaexAU3pSTg4h92EJsQmauLWsg5zsqVb2T8y6bx6vcKhBcHCaWbY4c5mYRETo3x1xECYA477vk
366,yk3UQ93Z5PwHqnl9O6di1fikxajBFoD3kl7CvxokVE1MAxLaPuTBRCZTCiXfp2TgM3WEPjdRitXXN6kAYIlL5CMiVOAN9Juskkz7aGV6RBSXfCF5xWQhgILJQejBj0i8y4c26NZSnOt4jpDTI4PMtNLb
369,qRwXTnqTjYKZdzkxyt1Og00aZtOK5flSAsgw3u31DKz0st545PuTjXsZqVy08fnEdsYkSn3EZAL51Ai5XjfPl18dzRGIvDsXXvmA4kMhmqtjLXypc2CoA8SMTlkBhVIWHnI5NhAd7x3u7p1cSQ53BDXo
370,ahjAKA0i7bXO2bv1ZRCEYe3TIi0peVD0UtdAQcXxCLAOEYqeaCbmUkNwN0s19aEM7wu8yuKmtFBNdPOjsmPcjQG9fgmqkwX2HogH4SffrptPiASxLI9nU22QqUtRHUBxh9Fp9HPaGakuXrrfXpecWaHf
374,ZQJZY77nw7Iu3YEszhkh8tz3NtSgZaG203JqGLiDNG1Tiku09jXtWxm6RgL4OqXW1g3zPNmozh322fk3zsGgMNF3hc9ZzNoWiFsBQuLWw9uf3UEcvh4WkhJNaASceXoltGjXniNFgkjcSZzW7x4Si1cA
377,e0Pb8i9lImXbhoM4ZfAy6uLBwEhs5C14i1ISx3ICKrJdclqIRnTlcCYjPNf3BgPGUstPgu7w7ynfl7ZLO8ahjgrfCYCjofA4bDSjsa2XQWOePjyio4P2F8WeBNMRsnHrxTDhPgTdGN0W2N0T0TvT08YD
381,eieXL53PWhvfQ3HLbVsHALnntq8sn1YvAAayePvixHG55dJqnIoM6wg3ur4Uwb1uTAfQsJ6V0JJsESSPhhEfcLYDUHDnlalWgLM4ytydc3mWmoYb8OdP6lRHbbwlFj9pYnLsFnQni0DIZBR5j1O7x5qu
381,FtXxN7suwxzc55lxp6FiIh9U0Cd4CrtxRyAutq5tKO3ERtNv39IykMlXTC7LtYrEECV65rDyBM8tO5C6oiA3juMENdarTUzlXZzP8h0c5Jx8erJoAAXLYYVJqQSrQMfhNm6p5mxGRYy9xd0W3mqSxnXz
384,pZSY8VS4QVrUUSNDQuz0lMMpwY4VXj0Z7lfWfiiCfFgR8BJ3cPhsX9SdN21KrwH6v2n9crX7Lwkg5uQvPAjHC7Bx2CJMR8LiyKWGN9rlrJg0ocHSM6vqNz4X0pGahLQdlBhV7KhfJxPsqaJqurAkcV5y
385,yfX3QEgtDfmumkCoQhQjb7pgQfqK5AZ6if94ULss9znvWvIGywWePPF1qhNaN5XCPQLHL84EoXKbjuUU7kM8dlR3aHecyRfDckfGkAvZ2SprE3hvXtC3SoZ3yh7DurF6iGzzON96omGVvZYG0iPFOLln
385,MHC3r5bMTJy4igJT6e5iD79S0dLbAR7VLdCG6DxR4IcQ0bhBGli6PERe8kDOUALBcdSFeCm3hOOvvTspvJ5P8AFHVY8mAjw4wadnScXDyPoAqWjPrNSK4w3b7LjP4z3ySjyUfE6Tm1QSMEQyfTum0mzA
389,BPHsH8ymqiHYY9nhyYDfKZ2vkaLFg75jxNdoZ0etS6VVJaRjHE1YwVwcnLH7XtFTNX0LvyR8jKXeEGmKT1xbFHncQBBNSG5Y0CIlKFoJntemxS8gZxOvw3NFanuuwEPdezNCxAzNdnoL3Afx3VnVr91w
393,DLWLtNieAIyE6iZxBSIeCbaIw0aQulE7RNupdCjaG72shsxdYXqRTRm2aOO3c2kOE0nSoaUz8784Ii1E3xs7vmNz12OYnQyenNnQFepoCqiliRTsnKzeaNTRMnqVVwLS8uhuuKyoID4FD1QKIVbdQTD9
397,6DRo32Ge0No9YycLL66iNNl7gNAU7CPqHzXHhAfbY0dO2akXz2Fn7rgTSkHP2lGYyx1Ya43KruUn96EG3cVFw1TQTEpxsZIcTPQ4IVm4yuvc7tjmfBmp0B16eLF6f6S2lh3TP9xHqqHC5gjZUDRrcTMS
400,kqxPPp1c3rp0Z6GDfz9uZAy2gMbP0q25K54jAraBfZCotyu6LnxTcYYks59DNLMdYUQuCXDnY8OzxJ8iRFEctIslGkr5S7n3NZ08hA4okKvEKZmiwrlIH9kP14nR574rklm7iAARaQriNobhxI91lfWd
400,KGNMMSMfETYdOzvr47qiBCdtFUXyDFFZIs8tmEXyeDI5MEiIdaQH5veH3TGsuOcyOz4W1CEZJsDyuIgBbOV2oxtMN0Z3y5D00KQM9Wha5rxcsgNVdFRgsJJQFSIAcb1epc7jr31P6kxxzRU7MEpsOX7Q
400,zHRNhyuZTnPI34JdBJIMMRoybo8l902ERjrWJCpmC8g4EZi9gOMNZDoiSTbsZJqtVLqkdm4zUWKeaUtMFyEUNOfNvIEp0wWthnIt8ywtkMtCtJIyZZn1E6fG5do4ie9XzRwnLAeHBK9AVcUlAG0AJuoL
400,CXvJ2LGd5CbNUmYkgZuwelsSD4cO8OF3lfJdjx9z3Xp9i8fTBQ24uO3R4cFx9sFRxI1fdlBiqu2RvS94oSMSla86LrIGrbZbR7baGAgPOjezmMVLDbIQfn5X9v3ldurO5qzXhyXocwDCv9ky6wDQ2Jw4
404,OAL6ucTsZ4vNy4ENUdij31zL5PhralVu4V2yLShUkJ6Fol81yDI5Nl8mAABfu1ReIBjcCGBCwXzTvuWjgQs7dqgimfxLQBZSssxmCvYsBG9qmPrGeRze9kBRVAqWIqluxg1DwahlrA56Rqv7nr6zCljH
404,f1BFCkLVesFnoJD9Nn9O4A4ES8RTlrMxTMRIggpPULcxpjzh3ZpxKsWewwm33r9mfI4crvt7yTuSX7O999qVCOn0pcMjuWm2bpRhPWp76SzqyDRZiMttBNk1UDnPjKdc72g7P7TNjSpkPx2lVmBh2s0Y
408,qWM9aoVeXT5WjKKsgKjXzLXaBtwJvJeBS2YKHdI34FsdwZccqomhhAFeyb8gsMjNe3EQmAlCBPtuTkdcRUSHXwUSWjL6F1bRWey2VVppDjf2GLVOxwZ7tbqhJluCpPxadc8flLRv43EdRsLLYw8JCDXk
408,QT91mAnmFo4df3me4C07M0R9iesgo79Onr4rh4h2QrLDh8i3l48BxMbqCziIIHy7OPpoyuxAVxRVPNrKwZvTz8QbPepil9UJtdp2jt4q78fAuPaoH7LiLe8fyN8UFPOlcI2bYZ1CuEm1sQgzDAaNXbxO
408,J35UJlRTuXmny0hGJoHrGni79QEeBXALN6OwwhlT4HysuME9sHOnqXzWkylsgdS6Wb92MlJ1CnWyoqcWM4ltJNUq7sLyvscrp25ScbXHxmkCBA7uVZgMsZWJQjvT9L5KL5JVUTjaGevW2So6URc6L0z0
410,WCtgE7mQar6qMaBfGFN3zhyuZzS9zyl5jPxRquCGJGr0SfIgaqFUlxGfDyQEPMRcGAHwcjpLCHTtp7bjrbyJs0kmJSOrdxqwoPUS8LDqAtRddMq5X7NdOIjfPVmU5x8FQWE9MTKf7HIyIGIx2i4FjMig
411,fCMZjVDVMXRHQSDX8GHAk6JNpsn32VDeYC7QxQomFdwjqpLZ0iLGaglItz9q79srTdjOlnZSRVuHa0WzhXCkKwDhQZXxgyO5kFZNGwedTspPle73d9JJ6IgW9BxV01bTGZW5AItkjZ1RHnwcsuUGoEyc
413,DdFzSNrQ6JWSB25gY0HgZPmFV36H54C1jHw4nl0M9AaeaTq1oZ0ervzorAdphklCHu8u5BtdzvHYeI5BcESFDXaoIIdnHb5pP86flvvn6mfvoaJi5cMc1gyjUjmWXF6XZSJFbpPgJ58Riez7zuS4YtX9
417,nUBJ8Z1QR661EGfW52wHgBgkOX3nBz6ua4o5N7aFHA0H3GundHt001uldRuKwdOSzbraSJJysrAfa8QI3fKtFG3IaCsvc0I3mIIrPU53yv891OLEBmhR3UMtHizPRNV1i6t10YtIKgvK8thVrnuqirz1
418,Pk7UPMl9GruUjdct9GnZBVNAdY3S4jq615LeVnu3Ja2BnAIJSxJkMBuu67gri2FWBXtN2x7lMTP0tMMcPTA6aFU0bRIoHDkh5FAZHuhU0X8sm3BUUDbY18mvD3cKpieI98vnLn5VcgGM71dHQo4D2VPx
418,FVeS64ij0TN8NI68Qml29Ycp4uBNafNSy4G1qCGLX2HI09Cfx4M944jhjpob24IkFv9jCFiNf9EHQ4YurWPG3dn3lZiAN4jsUWC4zTcslytv0c0P0tkGPCR2HGydWiALqLnu2tv7jWU4ksCIy39UkcdR
419,aXtVy6DyiFPp6n6yMWshmhODpetJf0N75or6BLkqR6BnmT2gCV7Pk9SsJp6UcuSSriUhvAwBcC0Qg1R6MMHUtynv6zXMf0NXNjwEzllBZ6diJBLi8AIZnyZsvYKvdkWLoDDx4M601FuWVFm4ofeeSnaP
419,DJaapYfK1tFyONV3hyhDC7pcgHyGhtB3nd1CvpbhPLuMg5a1SKapsMR6TyuiZ828rcLamS7sWAnqddvK66n6SMabVujxvtRgiWUEUzfzci2sY0tfDjLslwPfB9Pr9aw3iGHRTqq7rot9jiMuBDtLhZvm
419,eDkknZClzKRTbWNteBwCfwSWUp5gkmSKVKemFnDYrnj8vbZggSCYzk0ilXZytVANrHy1h0nrx8LrNk1iZpA2juLakwBhXF45m5godyzQ5L01985Awg8EV84xvXhlYF4sDfEhDdF0pjx73kBL1Blg6ZKO
421,jsPRNsZg8Xt3nwSbHPcbw3LV5UXUoVd5qfUkpJcr8rvWHhdE3EYK7dFQhult5FsMjYdIc7lyckCF7oNogSrjx3xNaDDvXiW3yicjD42vT07naAisgxMMOJPQ00884patY9GoM4kMqvZ7vKc9VKP06JOo
424,VSdwt13pdYAttgLMAWSjiVQnyNTaKXPURUqLHPx4whRlcg13DO5nwFlABpyfHtfQIfb8qzFlYonAD4LRlq6wr2YM9pKRRRWCBBdwFtcDJkYISlx6eguRXjYgRYzBpn3H1lyBrOMsN2mGDQunsdcaXEeS
424,wfgtbOVRQg6mvf03BEvwRdA4LJMLskXGfYv86ybO1pm9XBwxMHVAjWVTeLi2BKY6T0G6jrxC3h41q1HKMPylZWXTDctUQJNR1QQxuZOUJS7Brt2NE7PmLcHwCm3HxclU4NA9LKPnBebGpV2KJgQjt0Go
424,TuHwGW76N7etsCtS2l6AAHhUSxRVC0DHL0rQHquRE9cnnRReW01f9nJMMndJFL3m47h2KdLbqPw04t6BgczczX7XRfDUMkMtFpSQ9p3iPppUrihTQc32LrnHzUK5aqZGCDUfaQ2rJQWK8N58xjEaRjhO
424,LROeyIY0jRoYCizJcTv5c9moc7qmooTWGcZzNMLIxkpvhKvBE0f0ljZb5ZC0Rcbuy2SZTAwZHm7skqH1cpiXIsaXMn4nKkrVIuxPs5hD4QSyL7reSao1tOlFsuN56IOXvLkpsr9GHfss9bLfvp5avZ2u
428,rXxSL7WCvDAnBm0AiTOVt6Qj8ahdd15jphA4cowI6pe8KruDE9NGO9OVGNjbqjY37RxTlwYtXGoDri8gfe9EOZ5Q2fXYEUSn1LAtuaRHKTiHkK3XfDwLJUOHmhqF8ApDoBcfhemFW1tuhX6SLzjAYGdH
428,tHNjL8J4fTi8ofARqpi0U0YL8u8RoeiY5io79VKtkZBDnkXUij7Qvhd3iBKRzsgAbUCFr3i4eoguYVXo6O8EH13oFVo7LttrjB22hR2PBCbGAjEXeWkkTbtJrOA5eLTlvoKXsvHPmTDEpWnWQ0tpII8I
430,Sa2RwbqjqKM8g5iO5yA7oU41dOOR4cmPCPaUfxphNVzLanavKadK8aTyGAdiW8OOYx61uY97JSU2USrqeSHuycg1vbOeUHVfHlncRIAmAGAQQrdnJnDE0UPmQE5SKvNCxeV95O86SUtsb0LEy056DQOm
430,BWMchcFsyTb5ESuP6mF1XKqt1UjZgyg09D3sVtainzdG98tHaR74IUIq5TKXsgLzdLwBoCtcLXeX7jUs1bpZ1LROudWCiNpHnd3XcsT7XuSlgkTmzSwRrm81uiGLgrty77atQwQ8SRC6s67JUaC0R8QB
430,C3umIr6AUNJKZ6CBXy9kB8XKwrGo3hzR9pO3WlK0568SYzuDAZt9gRC3FjqRkh7cOsbaR8fboJO5zFlwwCoDoZaRmkYcvsfozwE6YUm1kRk7D73zytUht3ooRTo7KCgv306DAP8bQWT6eDOOQYeC8xu5
432,PPE6ORhbpDdA0ziUi17KSKNF9QlXeX55BvlA4FBFbupzbOqZvhp6XVpFBzxy5Ux18Hz5OiqdZ18XVO3U0W2x8zHfFgz5HD9RxX13OUKNqLGvn2jm5c8JrAs8zU08jV5WsQ0xmzGFLPGXtMscwMz540Zw
433,t4uuc35fjC6BmA562xcu5fn1nc7VAr2r42t5LL9lahJJWaJM4yC2nCzNg2GAwKfrae7UGAUQYrTo5dFM2UqBpAE12fojF8o0BR9hDpF4elDvjKiDXt7bTeCaaGr1LbLpCsmNEXJdPWXDwIiRxlVLBMHX
435,yGxxeSC9OtqY4yzkuWwQyd2X93ZPAopkZxFRMgaDU3hOrt3nW1GqLGRUd9XKtn9ZDGy6sh7Olsw4wO5gAcs8hz9SglddSZK7uSLluwvetsESKnYZDhKQuBiE6gqHEuvWhZadCklDhOeovQHsWN9bPtcs
435,GONGnazxhblNkWSvG9gWtIP9xkqUTHnmhEw57xtdfqNfVfbqQfIUw6fyyeIDjedanz5g0nYJgChCvaNSJzDey3qLYx6soptANcsWJu03RzdtocDY0qtkbzcTJUS3Q5UqJhpShrIO9aXzpwWluI2yvJZN
439,8NobxNlfmkHnkg9ifKBcd3Mx78HDVuzSbSJeTdcWbTDMPyK1sPQyYbWFArEYFiTskoL17vYC8eBT0Ai9YgKGdBuAvEe28NQsAK10niuxrOZjaDezJ5AZ8NOjuK53Rw3UXITP9RmflMPYbKZsZeSDNrUm
443,i6cM0gulFV1jY0riUdVypHjkdDcdZH6o6TqlK2U6Ud6pxIBN0UsNyoGamr9XDQWxodNE9G8rSpdMaum4CYMEOTphNQzStx2DR8AUvweUmAuJKuzrEEVeDRj4o5rTHQyVW9vBt29FksSNZf6TQHOocnzz
445,56ZFUM6C8mbyxxb5QtLz5FIz8DABJj99vMXwJz0fmLqtvUSJcSVtoAU0X07RM4spNBClafWQ35MTPPDNkqZqXflvrx8j2I2RSBfuR69xwF0SnBKIWT6WFB18PHucGcnUDuAN9JwOR1uSP3Iqm0WIcGMQ
449,GeKcxqTRFPsAw8NXSEdHJTmzEpgQfiwije24mcTaaAJNQpprIlTB9JZnsK7HKDcWSKQSFjbglC7JJ8jOzpHtZuIaOfcbEL06XmvF97lZJcQ7bQdT1TIVwixYBfE0HAc9cAlWddf1DhkmdbzxBSJlDEaf
452,6Et3USJAhva5QgodgROyLk0gGYpqr570F7G9lyjYalwgY2kbUHWnVhdmdMWv3SJLXKZjaPri8pYZnkSeeN6jJjEYuTv9bnvRbkSNCBBEPeP5SNzttiRQm0CeGBoQUSGkuGoC1FbcL13548FgUBfs6f5L
456,eHBMlkx74bMZw1oGeEVw6J7vIvSdNOPbcTnyaZ0g6xzxtRYaqmrbJPM49FEp2UUQWanceq6PdeZ9K9Br7im1Xd1WHSY4VaOMdibS3mvAPbx5pcTzENSk7ssiJ04V2BtC0Nw1yjXlmmLlgw75yY0IS3ek
458,sJDRa8OhuEcgsAUp7xlhHCMszWDalkw8LbG9T3MNwDlruoGXFSk5tDiqwKRN4dwKIE5Quk6Dl7kDQVyLQf53A0fIsQdIMzjTHbjqTp3UmgkVTe9bMGwoI3JhYWXeHXrmo0wfcHr0MKgTgTpOgCvFCuLd
460,B1w1oNYoy6siuyFO6bymqBF7JxF1ljuPSNbfvzXwR4hmx6lDqr5SNrbzWYRqIxDOccZgXZS7NB4VUSadLBauNbC1cbT6h7oU12JUGEg18yELXPfEneeGWIAB9yEmGlqgMJurIQ7GVJVP6rDWvOiDshyS
462,IlIAtVnIXzNVov7G8lMnl4iuhqrCmo4KbYz4ZG1o8GIrqBGTLwUwm5gdCNSC3kV94CjZvDh1TXOeVqDfj8rq48YGiW2LnYVok9XnShXHOsdYQBSMJcSvs5Evddh9a6duC0ul2QXCLjbcuApgDQBLFZvP
463,1Jfzn7hPiVpH6jtPQjIt2AdnA5U52od4eQAGhDXMuWMfz977HvpfnWD06rzRMMmuiU3Qin7MVvzFoyn1ynX6yxhRM9aqDGzhaRxeGRoUXcTrXyc8E8SZpPvkdLDINhJPvR46BIUhyDJVdquOxCm5nasU
465,MBvOgHg3EvF3F7vNb0mG9HmQoKKvd1VZKKoGZ2Sv2r8vpls5qRLKGNmEPeZ5wlqc9fSuionIHqdh8r1DSfEVPLTwXkrlDnyhBvVJ2xmC3CCP9E5XMVMQh4XYWV7xwCFUrwgc6SaUtBrMIDWTO48haiA7
467,wnG0pG1xiXdYtruksXfcKPSzNj24XjJvJE954uDv0O0gjuVcexiUUuYg4HMFdxazOhPpRYQxTkMvpcQSYppZAoaPfsAWhyR3e11Bf6UPgkBah2rsrthoHKy0HAJZYuQV3jRYKPds5ajQnA7MBI4oR3V3
469,BtfWvrm4gHyL3hcQoT71hdG2wXPZ1DzXnuJVx59ixlGs9A80s72KoClXnNZ7bXCcHaY87RSSjo4w6Ntvpp6uap9lJl7kFBH9i4lyczsaOK0z8pr9T3imqICSBcZmj8MihuNC2vTqwvf0Y9NUuy0cTUj9
469,2wAaGrgxiRebpGYKspu3bt2ZFrlIaZWKdazzTPqEz3gR9iErC105oGp93a5OG7WSv3xOHZrcyq4INKqWntGJyrV7k05ikbx1GXWFkpkc9o6ychVTkI1M1MUDH04guJrWsCCpokcxI39JUXvDELxcKlzt
472,SyTVEi0xKG9f64A54DydKjk50biMOMHCIm5lSbEkJMKRVY8hwGghBQt9Oov2ANixy66kzPNszN3x93JCDBPI50Brtw74gbkv4MSprnhhtohnnvzlesZzya285erChiMX373WKUKPT7OhiNExwmpnLlxu
473,jUNweAKbUUQ2caUiKf0VkqRatGusYLi98c1zxSe7DFYso5TM5EBF78ztCcC8FRNIcgtAJUlsAsSe2YmYmiXTKcCAc7xUPG2lsPQHbTCKTJEePU1dqelWutxzesXbW0cu06mMIem3fMAB7XlSGU4bUFrz
476,R3jv1os7KOi8P5MrShhsw2RHF5CwA9UfmurLD7OYH4WICjroSkCXJGVpMbqvlv6atDlVeAnk3Sk2FIFVeOeP7x5g8Cz1gSdMxmPzx5KRwRuqWtjE64R7RRDw7FmcBVDKf85SsFYIDXSPCfUfSuvMAGug
478,T2sj8PbNjLnY0L0GJ3uyntslHUG0rK8doa9d6Z5HhCS36Qrj5FrcAhuZaGbNJKV9cJ9qcmakxmQlbYOq3XvmTvdGfKDZnRy6gjqXhAGi5HfN1JoLskklP9Qg62L2iLwgojFr7rJ2QMQMQZf5Vs7D6MRG
480,KrOpezTKyZhEwdAbS5DSEZGmfGqdsJb2yYXAudbMxBSAx1ZO62OhNnYkk2J8JgSpnPF7QAgetqVDHGpNgbH0uuOLAcP23DDQj2MiWsx6l9nX1Vdecvr78rutAu7ekOKqnEUeuHroebeUGrjezbp7L5ir
480,Sh1VTl7Zx9XByj5EDtxM9nJLseIYdeRW2HcZZ3UpHvJRWcBsT3Icley57Q2ecImSSA9qHFea8HFedspPdQEJ6fbnJHsJAfNyJqzVDKkOo7Dd9Tre1MBVDclcZlhAN59stG4nt3L26qUycxOpQNhoeru7
483,WvS2kATyLk2pDlxA9pMRmA27skznlOCMxi68tAlpBA0NlzM2knFChPSW3k9AB6NwiQrVOYG9DWQm9Pms76CxJz4h0KFJ0lo4n444HqOVg5yVy5mNyh253PnimKvDTxIS8myFkRkhShQdAJjuXrLjSTB7
485,mixvKCjXgmM7h2hwlMmzKhd0Bf1mZzPk1Yy8nmHe6QUW6XgY3m7GO86EF7t5axxg71FS4IJzFH2uXQuezCSc2J6tst3PscE9TepFRXuVd8AHFchodP67fUNYvM0bftG3Dsbi1oWbIwyuIZnQMfccG6uy
487,1JFxSgk17ENByWotuYiVTP6ZJZAQ4X6ycSAeRdpQO3aVaPNSojLHMdHLdgotg4xK7PYgWJbR91HpfKouLh1kLYlzKpBbpwak60nVq7wfIt8k6R52rthyCMyJ3Z56IA2crWTPX3EelmcRpA3tT8kvObhT
487,er0CZ7H1wtJxQFXpDNQahT2wbNaQ7YPfAnjbdcVP4qtHUwC2WFLX1ikUZ40Mwru7d3w2WlM1sAFqZUcfKHt1NsNRDYMILISdwV4qzaGatk50dtuEskCpx3UlQeYx9DPji2uEqmg9BS73WmeK3HQ1F2g3
488,jaULIBq4liLzqOFE2nevrY3zO41modPl1CHLVYtRhybE3KdsKWdfB7JUHUwe9DgH3Z8nHtjEuXOtnY6Eq8b1AajttmEA2OhdR3bEcplQc8keSQ7iosnA1OHsfeuUpjcffabUn21BnUp1pEbcPWM91gLC
491,iYxu11twEzheNuW0lNHZfCaDRF27COzZ9xFD4GWsv5lFtyB2pJf2EdgfnudVzWuqASFPpSwfrO3JR5KTDAhs86UwRZQ93At9bvFatmc7NAbqJ7XRkURzfBR3yJyZBWLqVt8W09ZRXJf8v4mjBypJjtua
492,bcjnN5qok4PyBrKuzc5Vj84WOXD7CH2zyipxf3JdojLz6lAHeOjQYOuCIW9q2TmcCQzSBMO63s6zX4q2XwsnYLajnmpSuTL5x8wPlhF1ANn6ived6G261yOrfP4OXvbJhACo8agfq0nLXEBsIMmoqeEy
493,Fa6MqEEbdohspFvZnfAKC3aOcGKJnTCwD43AK2AWj9kPUASHrYDyEnRbzSajtvnUmkoVcvOUfe12jUtcoDSYQDsQMrAssQ2nmZ39Lw5vJiTZVpseYyupdYEis8JkuV1YLdgTrT1s8WP7k2uXyW4uVcKX
497,lhcnkBoQuNhI9nE7CRRJ7yZelm7r7D93TxGboEnU0QpOMPZ9ZWTVtNomSxBy4wjreOobh2ix3wiQIK26Wy2KjN9GJTTrDpp47xax0nsweVsw47dH55b538H1fi2XJrudHOjKa4G9G66YVdcbfMV7NUAy
500,IShV4nn1OpQo27BYCZxCjFBGqhw6W0mNkU1LYNbjjwHnWnNfUJKuDwGDQb4nqRFnCCDIFpApnOSnyOkD4RLNPsKnOYvmjot2rTlTjF94IVHpdTECr1S8Fr8KsPtguOFyUqve20TZihEtkVKvTsuR6VWz
